3,34,6KdiYvLCh9XIaNowj0eGr7oEu/4=,rQB0RGNZ+ysJFVSE0COqe3DHhT8=
3,35,6KdiYvLCh9XIaNowj0eGr7oEu/4=,rQB0RGNZ+ysJFVSE0COqe3DHhT8=
3,32,6KdiYvLCh9XIaNowj0eGr7oEu/4=,j845zGOj5kdHOMGnDf4WIc5uTPI=
3,33,6KdiYvLCh9XIaNowj0eGr7oEu/4=,j845zGOj5kdHOMGnDf4WIc5uTPI=
2,35,6KdiYvLCh9XIaNowj0eGr7oEu/4=,rQB0RGNZ+ysJFVSE0COqe3DHhT8=
1,35,6KdiYvLCh9XIaNowj0eGr7oEu/4=,a0lOK6dePtrpcw4riL4XQSiqDSo=
0,35,6KdiYvLCh9XIaNowj0eGr7oEu/4=,a0lOK6dePtrpcw4riL4XQSiqDSo=
2,32,6KdiYvLCh9XIaNowj0eGr7oEu/4=,j845zGOj5kdHOMGnDf4WIc5uTPI=
2,33,6KdiYvLCh9XIaNowj0eGr7oEu/4=,j845zGOj5kdHOMGnDf4WIc5uTPI=
2,34,6KdiYvLCh9XIaNowj0eGr7oEu/4=,rQB0RGNZ+ysJFVSE0COqe3DHhT8=
0,34,6KdiYvLCh9XIaNowj0eGr7oEu/4=,a0lOK6dePtrpcw4riL4XQSiqDSo=
1,34,6KdiYvLCh9XIaNowj0eGr7oEu/4=,a0lOK6dePtrpcw4riL4XQSiqDSo=
0,32,6KdiYvLCh9XIaNowj0eGr7oEu/4=,kRCUem0QOq7wGIIq9vgR9u8djJQ=
1,33,6KdiYvLCh9XIaNowj0eGr7oEu/4=,kRCUem0QOq7wGIIq9vgR9u8djJQ=
0,33,6KdiYvLCh9XIaNowj0eGr7oEu/4=,kRCUem0QOq7wGIIq9vgR9u8djJQ=
1,32,6KdiYvLCh9XIaNowj0eGr7oEu/4=,kRCUem0QOq7wGIIq9vgR9u8djJQ=
